commit_fingerprint	author_redacted	author_email_fingerprint	date_redacted	subject_redacted
[private-commit-fingerprint:5bc0b824a35ecaac]	[redacted]	931687740d45acb2	[redacted]	[historical metadata redacted]
[private-commit-fingerprint:58c417b19d3a2fb9]	[redacted]	931687740d45acb2	[redacted]	[historical metadata redacted]
[private-commit-fingerprint:eccf43ca69671fd8]	[redacted]	931687740d45acb2	[redacted]	[historical metadata redacted]
[private-commit-fingerprint:a38c1b0e8be1c3f7]	[redacted]	931687740d45acb2	[redacted]	[historical metadata redacted]
[private-commit-fingerprint:ce85992c37f3fc0f]	[redacted]	931687740d45acb2	[redacted]	[historical metadata redacted]
[private-commit-fingerprint:f26a6c3306f22e42]	[redacted]	931687740d45acb2	[redacted]	[historical metadata redacted]
[private-commit-fingerprint:d3e1285c13df3d58]	[redacted]	931687740d45acb2	[redacted]	[historical metadata redacted]
[private-commit-fingerprint:e51957a419993b42]	[redacted]	931687740d45acb2	[redacted]	[historical metadata redacted]
[private-commit-fingerprint:cb7a204cfb9042c7]	[redacted]	931687740d45acb2	[redacted]	[historical metadata redacted]
[private-commit-fingerprint:6be537d5b68d12b6]	[redacted]	931687740d45acb2	[redacted]	[historical metadata redacted]
[private-commit-fingerprint:59bfc74700128e59]	[redacted]	931687740d45acb2	[redacted]	[historical metadata redacted]
[private-commit-fingerprint:2dd7b85bd12bde84]	[redacted]	931687740d45acb2	[redacted]	[historical metadata redacted]
[private-commit-fingerprint:52933bf59443b964]	[redacted]	931687740d45acb2	[redacted]	[historical metadata redacted]
[private-commit-fingerprint:56823eb9f829df17]	[redacted]	931687740d45acb2	[redacted]	[historical metadata redacted]
[private-commit-fingerprint:961eccbd90f77022]	[redacted]	931687740d45acb2	[redacted]	[historical metadata redacted]
[private-commit-fingerprint:bee82defd070c2ab]	[redacted]	931687740d45acb2	[redacted]	[historical metadata redacted]
[private-commit-fingerprint:9354a7c8fbbcaebb]	[redacted]	931687740d45acb2	[redacted]	[historical metadata redacted]
[private-commit-fingerprint:ca4fd7ae805ff08e]	[redacted]	931687740d45acb2	[redacted]	[historical metadata redacted]
[private-commit-fingerprint:b087896de0f32db9]	[redacted]	931687740d45acb2	[redacted]	[historical metadata redacted]
[private-commit-fingerprint:07106b3302362e06]	[redacted]	931687740d45acb2	[redacted]	[historical metadata redacted]
[private-commit-fingerprint:ae3305451f95ed97]	[redacted]	931687740d45acb2	[redacted]	[historical metadata redacted]
[private-commit-fingerprint:82d63017805cbce3]	[redacted]	931687740d45acb2	[redacted]	[historical metadata redacted]
[private-commit-fingerprint:bee163992f1fc0b2]	[redacted]	931687740d45acb2	[redacted]	[historical metadata redacted]
[private-commit-fingerprint:f0efe81932ee9e6a]	[redacted]	931687740d45acb2	[redacted]	[historical metadata redacted]
[private-commit-fingerprint:073f0150d102060c]	[redacted]	931687740d45acb2	[redacted]	[historical metadata redacted]
[private-commit-fingerprint:1ca9f80eb32ea68b]	[redacted]	931687740d45acb2	[redacted]	[historical metadata redacted]
[private-commit-fingerprint:d32af78242908ae6]	[redacted]	931687740d45acb2	[redacted]	[historical metadata redacted]
[private-commit-fingerprint:8095349fa17ff46c]	[redacted]	931687740d45acb2	[redacted]	[historical metadata redacted]
[private-commit-fingerprint:afb790b6d6be35eb]	[redacted]	931687740d45acb2	[redacted]	[historical metadata redacted]
[private-commit-fingerprint:903788a64816b892]	[redacted]	931687740d45acb2	[redacted]	[historical metadata redacted]
[private-commit-fingerprint:f12b391e94033ba3]	[redacted]	931687740d45acb2	[redacted]	[historical metadata redacted]
[private-commit-fingerprint:f995f44c70c5a212]	[redacted]	931687740d45acb2	[redacted]	[historical metadata redacted]
[private-commit-fingerprint:697d127a6d839110]	[redacted]	931687740d45acb2	[redacted]	[historical metadata redacted]
[private-commit-fingerprint:21a26cbb5b293a55]	[redacted]	931687740d45acb2	[redacted]	[historical metadata redacted]
[private-commit-fingerprint:e70103ac3af84858]	[redacted]	931687740d45acb2	[redacted]	[historical metadata redacted]
[private-commit-fingerprint:e53be50aac1a3223]	[redacted]	931687740d45acb2	[redacted]	[historical metadata redacted]
[private-commit-fingerprint:918a81abcbefb561]	[redacted]	931687740d45acb2	[redacted]	[historical metadata redacted]
[private-commit-fingerprint:ac5e68fbeea85ec5]	[redacted]	931687740d45acb2	[redacted]	[historical metadata redacted]
[private-commit-fingerprint:9d2afe68fbbf33b5]	[redacted]	931687740d45acb2	[redacted]	[historical metadata redacted]
[private-commit-fingerprint:8dc4b3a945ddd6e3]	[redacted]	931687740d45acb2	[redacted]	[historical metadata redacted]
